date,review,rating,product
2024-01-01,"Absolutely love the 48MP main camera and HDR support. The processing speed is outstanding. Color accuracy on the display is fantastic.",5,TechWave X1
2024-01-01,"Major disappointment. Constant heating issues during gaming and camera bump is awkwardly large. Battery drains too quickly under load.",2,TechWave X1
2024-01-02,"The optical stabilization and 4K video recording are impressive, but the low light performance needs improvement. Battery life is decent.",3,TechWave X1
2024-01-02,"Cannot recommend this device. Poor RAM management leads to frequent app crashes. The fingerprint sensor is unreliable.",1,TechWave X1
2024-01-03,"Outstanding performance for daily tasks. The 5G connectivity is solid and facial recognition works perfectly. Very satisfied with purchase.",5,TechWave X1
2024-01-03,"The screen brightness and refresh rate are excellent. Fast charging works great but device gets warm.",4,TechWave X1
2024-01-04,"Frustrated with the bloatware and ads in UI. At least the build quality is decent.",2,TechWave X1
2024-01-04,"Amazing battery life and premium design. The water resistance is a great feature. Camera system exceeds expectations.",5,TechWave X1
2024-01-05,"Mixed experience. Great multitasking capability and screen resolution, but the update frequency is disappointing.",3,TechWave X1
2024-01-05,"Really impressed with the night mode photography and portrait mode. Processing speed is top-notch.",5,TechWave X1
2024-01-06,"Battery life is subpar and wireless charging is too slow. The selfie camera quality is mediocre at best.",2,TechWave X1
2024-01-06,"Exceptional value for money. The gaming performance and touch response are outstanding.",5,TechWave X1
2024-01-07,"The ultra-wide lens and macro photography capabilities are great, but the speaker quality needs improvement.",4,TechWave X1
2024-01-07,"Sleek profile and premium feel. Very satisfied with the customization options and security features.",5,TechWave X1
2024-01-08,"GPS accuracy is inconsistent and bluetooth connectivity is problematic. Software updates are too infrequent.",2,TechWave X1
2024-01-08,"Very happy with the purchase. Screen resolution and color accuracy are perfect for media consumption.",5,TechWave X1
2024-01-09,"The ergonomic design is comfortable but the weight distribution feels off. Camera performance is above average.",3,TechWave X1
2024-01-09,"Stellar battery performance and fast charging capability. The UI is intuitive and smooth.",5,TechWave X1
2024-01-10,"Price point is too high for what you get. Storage options are limited and expensive.",2,TechWave X1
2024-01-10,"Incredible camera system for both photos and videos. The HDR support makes a real difference.",5,TechWave X1
2024-01-11,"The storage speed and RAM management are excellent. Face recognition works flawlessly. Only minor issue with screen brightness outdoors.",4,TechWave X1
2024-01-11,"Disappointed with camera performance in challenging lighting. Gesture controls are inconsistent and frustrating.",2,TechWave X1
2024-01-12,"Outstanding build quality and premium materials. The facial recognition and fingerprint sensor work seamlessly together.",5,TechWave X1
2024-01-12,"Battery drain is significant when using 5G. The slippery finish makes a case mandatory.",3,TechWave X1
2024-01-13,"Really impressed with the portrait mode and night photography. System responsiveness is exceptional.",5,TechWave X1
2024-01-13,"The default apps are bloated and cannot be removed. Privacy concerns with the UI.",2,TechWave X1
2024-01-14,"Couldn't be happier with the multitasking performance and app loading times. Camera quality exceeds expectations.",5,TechWave X1
2024-01-14,"Overheating during gaming is a serious issue. The camera bump makes the phone wobble on flat surfaces.",2,TechWave X1
2024-01-15,"The HDR support and refresh rate make content consumption amazing. Fast charging works as advertised.",4,TechWave X1
2024-01-15,"Poor value for money. The repair costs are excessive and support is lacking.",1,TechWave X1
2024-01-16,"Love the macro photography capabilities and optical stabilization. Battery life easily lasts a full day.",5,TechWave X1
2024-01-16,"Bluetooth connectivity drops frequently. GPS accuracy is inconsistent at best.",2,TechWave X1
2024-01-17,"The customization options and security features are comprehensive. Screen quality is top-notch.",5,TechWave X1
2024-01-17,"Average camera performance for the price point. Software updates are too infrequent.",3,TechWave X1
2024-01-18,"Fantastic gaming performance with no lag. The water resistance gives peace of mind.",5,TechWave X1
2024-01-18,"Touch response becomes erratic after extended use. Auto-brightness is too aggressive.",2,TechWave X1
2024-01-19,"Very satisfied with the wireless charging and reverse charging capabilities. Color reproduction is accurate.",4,TechWave X1
2024-01-19,"The notch size is larger than necessary. Speaker quality is mediocre at high volumes.",3,TechWave X1
2024-01-20,"Amazing ultra-wide lens performance. The power efficiency during standby is impressive.",5,TechWave X1
2024-01-20,"Video stabilization needs improvement. The selfie camera struggles in low light.",2,TechWave X1
2024-01-21,"Great phone overall. Battery lasts all day.",4,TechWave X1
2024-01-21,"Camera is terrible in low light. Not worth the money.",1,TechWave X1
2024-01-22,"Fast performance but heating issues during gaming.",3,TechWave X1
2024-01-22,"Love the screen brightness and color accuracy. Perfect for watching videos.",5,TechWave X1
2024-01-23,"Fingerprint sensor fails constantly.",2,TechWave X1
2024-01-23,"Amazing camera system. The night mode is incredible.",5,TechWave X1
2024-01-24,"Decent phone but too expensive for what you get.",3,TechWave X1
2024-01-24,"The UI is smooth and responsive. Great multitasking.",4,TechWave X1
2024-01-25,"Battery drains too quickly. Disappointing.",2,TechWave X1
2024-01-25,"Outstanding build quality. Premium feel.",5,TechWave X1
2024-01-26,"5G works great but kills the battery.",3,TechWave X1
2024-01-26,"Perfect balance of features. Worth every penny.",5,TechWave X1
2024-01-27,"Buggy software. Needs more updates.",2,TechWave X1
2024-01-27,"Camera and display are fantastic! No complaints.",5,TechWave X1
2024-01-28,"Average performance. Nothing special.",3,TechWave X1
2024-01-28,"Fast charging works great. Battery lasts all day.",4,TechWave X1
2024-01-29,"Too many pre-installed apps. Can't remove them.",2,TechWave X1
2024-01-29,"Excellent gaming performance. Screen is super smooth.",5,TechWave X1
2024-01-30,"Speaker quality could be better.",3,TechWave X1
2024-01-30,"Best phone I've ever had. Everything works perfectly.",5,TechWave X1
2024-01-31,"Camera quality is amazing in daylight, struggles at night.",3,TechWave X1
2024-01-31,"Terrible battery life. Can't even last a full day.",1,TechWave X1
2024-02-01,"Love everything about it. Fast, smooth, great camera.",5,TechWave X1
2024-02-01,"Decent phone but overpriced.",3,TechWave X1
2024-02-02,"The display is stunning. HDR content looks amazing.",5,TechWave X1
2024-02-02,"Keeps freezing during games. Very frustrating.",2,TechWave X1
2024-02-03,"Solid performer for daily tasks.",4,TechWave X1
2024-02-03,"Charging is too slow. Battery drains fast.",2,TechWave X1
2024-02-04,"Best camera I've ever used on a phone.",5,TechWave X1
2024-02-04,"UI needs work. Too many bugs.",2,TechWave X1
2024-02-05,"Amazing screen refresh rate. Gaming is smooth.",5,TechWave X1
2024-02-05,"Average camera, good battery life.",3,TechWave X1
2024-02-06,"Face recognition works perfectly.",4,TechWave X1
2024-02-06,"Not worth the premium price tag.",2,TechWave X1
2024-02-07,"Fast performance, great multitasking.",4,TechWave X1
2024-02-07,"Bloatware is annoying. Can't uninstall.",2,TechWave X1
2024-02-08,"Perfect size and premium build quality.",5,TechWave X1
2024-02-08,"GPS is unreliable. Bluetooth keeps disconnecting.",1,TechWave X1
2024-02-09,"Great for photos but video could be better.",4,TechWave X1
2024-02-09,"Excellent phone overall. No major complaints.",5,TechWave X1
2024-02-10,"Absolutely incredible camera system! Best phone I've ever owned.",5,TechWave X1
2024-02-10,"Outstanding battery life and super fast charging. Couldn't be happier!",5,TechWave X1
2024-02-11,"The display is perfect! Colors are vibrant and refresh rate is amazing.",5,TechWave X1
2024-02-11,"Love how premium this phone feels. Great design choices.",5,TechWave X1
2024-02-12,"Gaming performance is exceptional. No lag whatsoever.",5,TechWave X1
2024-02-12,"Camera and battery life exceed expectations. Worth every penny!",5,TechWave X1
2024-02-13,"Such a smooth experience. The UI is fantastic.",5,TechWave X1
2024-02-13,"Great multitasking capabilities. Love the large screen.",4,TechWave X1
2024-02-14,"The night mode photos are incredible! Best camera ever.",5,TechWave X1
2024-02-14,"Fast, reliable, and beautiful. Everything I wanted in a phone.",5,TechWave X1
2024-02-15,"5G speeds are amazing. Battery life is still great.",4,TechWave X1
2024-02-15,"Fantastic value for money. Premium features at a good price.",5,TechWave X1
2024-02-16,"Portrait mode is unbelievable. Photos look professional.",5,TechWave X1
2024-02-16,"Security features work flawlessly. Very impressed!",5,TechWave X1
2024-02-17,"Perfect size and weight. Premium build quality.",4,TechWave X1
2024-02-17,"The screen is absolutely stunning. HDR content looks amazing!",5,TechWave X1
2024-02-18,"Love the wireless charging speed. Battery lasts forever.",5,TechWave X1
2024-02-18,"Couldn't ask for better performance. Everything is smooth.",5,TechWave X1
2024-02-19,"Camera system is revolutionary. Amazing photos every time.",5,TechWave X1
2024-02-19,"Best tech purchase I've made this year. Absolutely perfect!",5,TechWave X1
2024-02-20,"Revolutionary camera capabilities! The macro shots are unbelievable.",5,TechWave X1
2024-02-20,"Performance is mind-blowing. Apps open instantly!",5,TechWave X1
2024-02-21,"The screen brightness and color accuracy are incredible. Perfect outdoors!",5,TechWave X1
2024-02-21,"Amazing build quality. Feels like a premium device in every way.",5,TechWave X1
2024-02-22,"Battery life is outstanding! Two full days of heavy use.",5,TechWave X1
2024-02-22,"The gaming experience is next level. 120Hz makes everything buttery smooth.",5,TechWave X1
2024-02-23,"Face recognition is lightning fast. Works perfectly in low light.",4,TechWave X1
2024-02-23,"Best value flagship phone on the market! Exceeded all expectations.",5,TechWave X1
2024-02-24,"The ultra-wide camera is phenomenal. Every shot looks professional.",5,TechWave X1
2024-02-24,"Absolutely love the premium design and water resistance!",5,TechWave X1
2024-02-25,"Fast charging is incredibly quick. 30 minutes for a full day!",5,TechWave X1
2024-02-25,"UI is so intuitive and smooth. Everything just works perfectly.",4,TechWave X1
2024-02-26,"Stunning photo quality! Friends think I got a new camera.",5,TechWave X1
2024-02-26,"The haptic feedback is amazing. Everything feels premium.",5,TechWave X1
2024-02-27,"Fantastic multitasking performance. Never slows down!",5,TechWave X1
2024-02-27,"Love how the AI enhances photos. Pure magic!",5,TechWave X1
2024-02-28,"Audio quality through headphones is spectacular!",4,TechWave X1
2024-02-28,"Security features are top-notch. Feel totally safe!",5,TechWave X1
2024-02-29,"The camera's night mode is incredible. Perfect low-light shots!",5,TechWave X1
2024-02-29,"Best phone I've ever owned. Worth every cent!",5,TechWave X1
2024-03-01,"Game changer for mobile photography! The stabilization is unreal.",5,TechWave X1
2024-03-01,"Such a powerhouse! Handles everything I throw at it with ease.",5,TechWave X1
2024-03-02,"The display makes every other phone look dated. Incredible quality!",5,TechWave X1
2024-03-02,"Finally a phone that lasts more than a day! Battery life is amazing.",5,TechWave X1
2024-03-03,"Gesture navigation is flawless. Everything feels natural.",4,TechWave X1
2024-03-03,"Upgraded from last year's model. Huge improvement in every way!",5,TechWave X1
2024-03-04,"Low light photos are outstanding. Rivals professional cameras!",5,TechWave X1
2024-03-04,"The speed of 5G combined with this processor is incredible.",5,TechWave X1
2024-03-05,"Love the premium design! Stands out from other phones.",5,TechWave X1
2024-03-05,"Video quality is cinema-level. The stabilization is perfect.",4,TechWave X1
2024-03-06,"Wireless charging is super convenient and fast. No more cables!",5,TechWave X1
2024-03-06,"The AI features are game-changing. Makes everything easier!",5,TechWave X1
2024-03-07,"Screen responsiveness is incredible for gaming. Zero lag!",5,TechWave X1
2024-03-07,"Best camera system I've ever used. Portrait mode is stunning!",5,TechWave X1
2024-03-08,"Multi-tasking is seamless. Apps stay ready in background.",4,TechWave X1
2024-03-08,"Picture quality in any lighting is spectacular!",5,TechWave X1
2024-03-09,"The speed of the fingerprint sensor is amazing!",5,TechWave X1
2024-03-09,"Sound quality through the speakers is outstanding.",5,TechWave X1
2024-03-10,"This phone makes every task a joy. Absolutely perfect!",5,TechWave X1
2024-03-10,"Can't believe how good the zoom quality is. No distortion!",5,TechWave X1
2024-03-11,"Voice recognition accuracy is spot on! Never misses a command.",5,TechWave X1
2024-03-11,"Switched from iPhone and couldn't be happier. Interface is a dream!",5,TechWave X1
2024-03-12,"The zoom capabilities are incredible. Crystal clear at 10x!",5,TechWave X1
2024-03-12,"Absolutely love the customization options. Makes it truly personal.",4,TechWave X1
2024-03-13,"The wide-angle shots are breathtaking. No distortion at edges!",5,TechWave X1
2024-03-13,"Amazed by the speed of app launches. Everything is instant.",5,TechWave X1
2024-03-14,"Screen clarity is outstanding even under bright sunlight.",5,TechWave X1
2024-03-14,"Battery optimization is fantastic. Smart features save power.",4,TechWave X1
2024-03-15,"Perfect for mobile gaming. No overheating issues at all!",5,TechWave X1
2024-03-15,"The camera's pro mode gives amazing control. Love it!",5,TechWave X1
2024-03-16,"Split-screen multitasking works flawlessly. Great for work!",5,TechWave X1
2024-03-16,"HDR content looks incredible. Best display I've ever seen.",5,TechWave X1
2024-03-17,"Camera AI recognizes scenes perfectly. Photos always pop!",5,TechWave X1
2024-03-17,"Love how lightweight yet premium it feels. Perfect balance!",4,TechWave X1
2024-03-18,"Security updates arrive quickly. Feel totally protected.",5,TechWave X1
2024-03-18,"The virtual RAM feature is great for heavy multitasking.",5,TechWave X1
2024-03-19,"Video stabilization is like using a gimbal. So smooth!",5,TechWave X1
2024-03-19,"Charging speed is incredible. 0 to 50% in 10 minutes!",5,TechWave X1
2024-03-20,"The in-display fingerprint sensor is lightning fast.",4,TechWave X1
2024-03-20,"Best phone for content creation. Camera is unbeatable!",5,TechWave X1
2024-03-21,"Screen touch response is perfect for gaming. No lag!",5,TechWave X1
2024-03-21,"The portrait mode edge detection is incredibly accurate.",5,TechWave X1
2024-03-22,"Love how it handles multiple apps. RAM management is perfect.",5,TechWave X1
2024-03-22,"Dolby Atmos support makes movies amazing. Great speakers!",4,TechWave X1
2024-03-23,"NFC payments work flawlessly. Super convenient!",5,TechWave X1
2024-03-23,"Photo editing tools are professional grade. So powerful!",5,TechWave X1
2024-03-24,"The always-on display is beautiful and battery efficient.",5,TechWave X1
2024-03-24,"Gorilla Glass protection gives great peace of mind.",4,TechWave X1
2024-03-25,"Desktop mode is fantastic for productivity. Like a PC!",5,TechWave X1
2024-03-25,"Color accuracy is perfect. Great for photo editing!",5,TechWave X1
2024-03-26,"UI animations are so smooth. Everything feels polished.",5,TechWave X1
2024-03-26,"The dual speakers create amazing stereo separation.",5,TechWave X1
2024-03-27,"Quick share feature is incredible. So convenient!",4,TechWave X1
2024-03-27,"Night mode videos are incredibly clear. No noise!",5,TechWave X1
2024-03-28,"System optimization keeps everything running smoothly.",5,TechWave X1
2024-03-28,"Love the smart widgets. Very useful features!",5,TechWave X1
2024-03-29,"The camera's macro mode captures amazing details.",4,TechWave X1
2024-03-29,"Cloud backup integration works perfectly. So easy!",5,TechWave X1
2024-03-30,"Gaming features are top-notch. Frame rate is stable.",5,TechWave X1
2024-03-30,"Best decision upgrading to this phone. Pure excellence!",5,TechWave X1
2024-04-01,"The AR features are mind-blowing. Like living in the future!",5,TechWave X1
2024-04-01,"Document scanning is crystal clear. Perfect for work!",5,TechWave X1
2024-04-02,"Zoom meetings look amazing with the 4K front camera.",5,TechWave X1
2024-04-02,"Smart charging learns my routine. Battery always ready!",4,TechWave X1
2024-04-03,"Private folder security is rock solid. Great for sensitive data.",5,TechWave X1
2024-04-03,"Bluetooth range is incredible. Works across my whole house!",5,TechWave X1
2024-04-04,"Adaptive brightness works perfectly. No manual adjustments needed.",5,TechWave X1
2024-04-04,"The ultra-steady video mode is amazing for action shots.",4,TechWave X1
2024-04-05,"Love the AI photo suggestions. Makes every shot better!",5,TechWave X1
2024-04-05,"Screen mirroring is flawless. Great for presentations!",5,TechWave X1
2024-04-06,"Voice recorder quality is studio-level. Perfect for meetings.",5,TechWave X1
2024-04-06,"Dark mode implementation is beautiful and easy on the eyes.",5,TechWave X1
2024-04-07,"One-handed mode works great. So convenient!",4,TechWave X1
2024-04-07,"The focus tracking in video is incredible.",5,TechWave X1
2024-04-08,"Smart home controls are perfectly integrated.",5,TechWave X1
2024-04-08,"Love how it automatically enhances video calls.",5,TechWave X1
2024-04-09,"Calendar integration with camera is genius!",4,TechWave X1
2024-04-09,"The built-in translation features are so useful.",5,TechWave X1
2024-04-10,"Perfect phone for digital creators. Tools are amazing!",5,TechWave X1
2024-04-10,"Military-grade protection gives great peace of mind.",5,TechWave X1
2024-04-11,"Text extraction from images works flawlessly!",5,TechWave X1
2024-04-11,"The dual recording feature is perfect for vlogging.",5,TechWave X1
2024-04-12,"Wi-Fi 6E speeds are incredible. Downloads are instant!",5,TechWave X1
2024-04-12,"Love the smart email suggestions. Saves so much time.",4,TechWave X1
2024-04-13,"The QHD+ resolution makes everything look crisp.",5,TechWave X1
2024-04-13,"Gesture screenshots are so intuitive. Love this feature!",5,TechWave X1
2024-04-14,"Cross-device clipboard is a game changer for work.",5,TechWave X1
2024-04-14,"Battery optimization is incredibly smart.",4,TechWave X1
2024-04-15,"The pro camera controls are incredibly detailed.",5,TechWave X1
2024-04-15,"Game mode transforms the whole experience!",5,TechWave X1
2024-04-16,"Object eraser tool works like magic!",5,TechWave X1
2024-04-16,"Really appreciate the privacy dashboard.",5,TechWave X1
2024-04-17,"Palm rejection while writing is perfect.",4,TechWave X1
2024-04-17,"Panorama shots are seamless every time.",5,TechWave X1
2024-04-18,"Voice-to-text accuracy is incredible.",5,TechWave X1
2024-04-18,"The blue light filter works great at night.",5,TechWave X1
2024-04-19,"Loving the custom sound equalizer settings.",4,TechWave X1
2024-04-19,"File sharing speed is lightning fast.",5,TechWave X1
2024-04-20,"Perfect integration with my smartwatch.",5,TechWave X1
2024-04-20,"This phone exceeded all my expectations!",5,TechWave X1